id;email;otp_code;expiry_time;verified
1;Kasandra_Mosciski@yahoo.com;hovel ah;2025-11-28T12:31:09;false
2;Adele45@yahoo.com;pine;2025-11-27T22:06:05;true
3;Eliza.McDermott@hotmail.com;quick second wherever;2025-11-28T13:16:25;false
4;Bertrand.Graham15@gmail.com;impassioned;2025-11-28T15:39:38;true
5;Walker.Franecki@hotmail.com;speedily dimly;2025-11-27T23:07:11;true
6;Daisha_Jacobs74@hotmail.com;amidst well-worn;2025-11-28T05:03:08;true
7;Angelita_Kreiger93@gmail.com;whether pasta;2025-11-28T02:49:03;false
8;Noemie32@hotmail.com;section athwart;2025-11-27T17:03:44;true
9;Ned.Shields@gmail.com;tame thorough;2025-11-27T23:19:48;false
10;Bonnie.Yost@gmail.com;jealously;2025-11-28T00:42:59;false
